{
  "IcoMoonType": "selection",
  "icons": [
    {
      "icon": {
        "paths": [
          "M746 512c36 0 64-28 64-64s-28-64-64-64-64 28-64 64 28 64 64 64zM618 342c36 0 64-28 64-64s-28-64-64-64-64 28-64 64 28 64 64 64zM406 342c36 0 64-28 64-64s-28-64-64-64-64 28-64 64 28 64 64 64zM278 512c36 0 64-28 64-64s-28-64-64-64-64 28-64 64 28 64 64 64zM512 128c212 0 384 154 384 342 0 118-96 212-214 212h-74c-36 0-64 28-64 64 0 16 6 30 16 42s16 28 16 44c0 36-28 64-64 64-212 0-384-172-384-384s172-384 384-384z"
        ],
        "attrs": [],
        "isMulticolor": false,
        "isMulticolor2": false,
        "tags": [
          "palette"
        ],
        "defaultCode": 58378,
        "grid": 24
      },
      "attrs": [],
      "properties": {
        "ligatures": "color_lens, palette",
        "id": 169,
        "order": 82,
        "prevSize": 24,
        "code": 58378,
        "name": "palette"
      },
      "setIdx": 0,
      "setId": 5,
      "iconIdx": 169
    },
    {
      "icon": {
        "paths": [
          "M0 854h1024v170h-1024v-170zM810 490c0 0 86 94 86 150 0 46-40 86-86 86s-84-40-84-86c0-56 84-150 84-150zM222 426h410l-206-204zM706 382c26 26 26 66 0 90l-234 234c-12 12-30 20-46 20s-32-8-44-20l-236-234c-26-24-26-64 0-90l220-220-102-102 62-60z"
        ],
        "attrs": [],
        "isMulticolor": false,
        "isMulticolor2": false,
        "tags": [
          "format_color_fill"
        ],
        "defaultCode": 57914,
        "grid": 24
      },
      "attrs": [],
      "properties": {
        "ligatures": "format_color_fill",
        "id": 326,
        "order": 83,
        "prevSize": 24,
        "code": 57914,
        "name": "format_color_fill"
      },
      "setIdx": 0,
      "setId": 5,
      "iconIdx": 326
    },
    {
      "icon": {
        "paths": [
          "M554 682v-340h86v340h-86zM512 854c188 0 342-154 342-342s-154-342-342-342-342 154-342 342 154 342 342 342zM512 86c236 0 426 190 426 426s-190 426-426 426-426-190-426-426 190-426 426-426zM384 682v-340h86v340h-86z"
        ],
        "attrs": [],
        "isMulticolor": false,
        "isMulticolor2": false,
        "tags": [
          "pause_circle_outline"
        ],
        "defaultCode": 57398,
        "grid": 24
      },
      "attrs": [],
      "properties": {
        "ligatures": "pause_circle_outline",
        "id": 547,
        "order": 80,
        "prevSize": 24,
        "code": 57398,
        "name": "pause_circle_outline"
      },
      "setIdx": 0,
      "setId": 5,
      "iconIdx": 547
    },
    {
      "icon": {
        "paths": [
          "M512 854c188 0 342-154 342-342s-154-342-342-342-342 154-342 342 154 342 342 342zM512 86c236 0 426 190 426 426s-190 426-426 426-426-190-426-426 190-426 426-426zM426 704v-384l256 192z"
        ],
        "attrs": [],
        "isMulticolor": false,
        "isMulticolor2": false,
        "tags": [
          "play_circle_outline"
        ],
        "defaultCode": 57401,
        "grid": 24
      },
      "attrs": [],
      "properties": {
        "ligatures": "play_circle_outline",
        "id": 589,
        "order": 79,
        "prevSize": 24,
        "code": 57401,
        "name": "play_circle_outline"
      },
      "setIdx": 0,
      "setId": 5,
      "iconIdx": 589
    },
    {
      "icon": {
        "paths": [
          "M512 170v180l-90-90zM182 128l714 714-54 54-88-88c-46 36-98 64-156 78v-88c36-10 68-28 96-50l-182-182v288l-214-214h-170v-256h202l-202-202zM810 512c0-136-88-250-212-286v-88c172 38 298 192 298 374 0 64-16 126-44 178l-64-66c14-34 22-72 22-112zM704 512c0 10 0 18-2 26l-104-104v-94c64 32 106 96 106 172z"
        ],
        "attrs": [],
        "isMulticolor": false,
        "isMulticolor2": false,
        "tags": [
          "volume_off"
        ],
        "defaultCode": 57423,
        "grid": 24
      },
      "attrs": [],
      "properties": {
        "ligatures": "volume_off",
        "id": 819,
        "order": 85,
        "prevSize": 24,
        "code": 57423,
        "name": "volume_off"
      },
      "setIdx": 0,
      "setId": 5,
      "iconIdx": 819
    },
    {
      "icon": {
        "paths": [
          "M598 138c172 38 298 192 298 374s-126 336-298 374v-88c124-36 212-150 212-286s-88-250-212-286v-88zM704 512c0 76-42 140-106 172v-344c64 32 106 96 106 172zM128 384h170l214-214v684l-214-214h-170v-256z"
        ],
        "attrs": [],
        "isMulticolor": false,
        "isMulticolor2": false,
        "tags": [
          "volume_up"
        ],
        "defaultCode": 57424,
        "grid": 24
      },
      "attrs": [],
      "properties": {
        "ligatures": "volume_up",
        "id": 820,
        "order": 86,
        "prevSize": 24,
        "code": 57424,
        "name": "volume_up"
      },
      "setIdx": 0,
      "setId": 5,
      "iconIdx": 820
    },
    {
      "icon": {
        "paths": [
          "M320 810.667c0 58.91-47.756 106.667-106.667 106.667s-106.667-47.756-106.667-106.667c0-58.91 47.756-106.667 106.667-106.667 58.91 0 106.667 47.756 106.667 106.667z",
          "M320 512c0 58.91-47.756 106.667-106.667 106.667s-106.667-47.756-106.667-106.667c0-58.91 47.756-106.667 106.667-106.667 58.91 0 106.667 47.756 106.667 106.667z",
          "M320 213.333c0 58.91-47.756 106.667-106.667 106.667s-106.667-47.756-106.667-106.667c0-58.91 47.756-106.667 106.667-106.667 58.91 0 106.667 47.756 106.667 106.667z",
          "M618.667 810.667c0 58.91-47.756 106.667-106.667 106.667s-106.667-47.756-106.667-106.667c0-58.91 47.756-106.667 106.667-106.667 58.91 0 106.667 47.756 106.667 106.667z",
          "M618.667 512c0 58.91-47.756 106.667-106.667 106.667s-106.667-47.756-106.667-106.667c0-58.91 47.756-106.667 106.667-106.667 58.91 0 106.667 47.756 106.667 106.667z",
          "M618.667 213.333c0 58.91-47.756 106.667-106.667 106.667s-106.667-47.756-106.667-106.667c0-58.91 47.756-106.667 106.667-106.667 58.91 0 106.667 47.756 106.667 106.667z",
          "M917.333 810.667c0 58.91-47.756 106.667-106.667 106.667s-106.667-47.756-106.667-106.667c0-58.91 47.756-106.667 106.667-106.667 58.91 0 106.667 47.756 106.667 106.667z",
          "M917.333 512c0 58.91-47.756 106.667-106.667 106.667s-106.667-47.756-106.667-106.667c0-58.91 47.756-106.667 106.667-106.667 58.91 0 106.667 47.756 106.667 106.667z",
          "M917.333 213.333c0 58.91-47.756 106.667-106.667 106.667s-106.667-47.756-106.667-106.667c0-58.91 47.756-106.667 106.667-106.667 58.91 0 106.667 47.756 106.667 106.667z"
        ],
        "attrs": [],
        "isMulticolor": false,
        "isMulticolor2": false,
        "tags": [
          "th-small"
        ],
        "grid": 24
      },
      "attrs": [],
      "properties": {
        "id": 11,
        "order": 46,
        "prevSize": 24,
        "code": 59648,
        "name": "grip"
      },
      "setIdx": 4,
      "setId": 1,
      "iconIdx": 1
    },
    {
      "icon": {
        "paths": [
          "M640 810.667c-57.259 0-114.56-21.803-158.165-65.365-54.016-53.973-141.781-53.931-195.669 0-16.683 16.683-43.648 16.683-60.331 0s-16.683-43.648 0-60.331c87.168-87.168 229.077-87.168 316.331 0 53.973 53.931 141.739 53.888 195.669 0 16.683-16.683 43.648-16.683 60.331 0s16.683 43.648 0 60.331c-43.563 43.563-100.864 65.365-158.165 65.365z",
          "M640 640c-57.259 0-114.56-21.803-158.165-65.365-54.016-53.973-141.781-53.931-195.669 0-16.683 16.683-43.648 16.683-60.331 0s-16.683-43.648 0-60.331c87.168-87.168 229.077-87.168 316.331 0 53.973 53.931 141.739 53.888 195.669 0 16.683-16.683 43.648-16.683 60.331 0s16.683 43.648 0 60.331c-43.563 43.563-100.864 65.365-158.165 65.365z",
          "M640 469.333c-57.259 0-114.56-21.803-158.165-65.365-54.016-53.973-141.781-53.931-195.669 0-16.683 16.683-43.648 16.683-60.331 0s-16.683-43.648 0-60.331c87.168-87.125 229.077-87.211 316.331 0 53.973 53.931 141.739 53.888 195.669 0 16.683-16.683 43.648-16.683 60.331 0s16.683 43.648 0 60.331c-43.563 43.563-100.864 65.365-158.165 65.365z"
        ],
        "attrs": [],
        "isMulticolor": false,
        "isMulticolor2": false,
        "tags": [
          "waves"
        ],
        "grid": 24
      },
      "attrs": [],
      "properties": {
        "id": 96,
        "order": 47,
        "prevSize": 24,
        "code": 59650,
        "name": "reorder"
      },
      "setIdx": 4,
      "setId": 1,
      "iconIdx": 2
    },
    {
      "icon": {
        "paths": [
          "M682.667 170.667h-341.333c-187.733 0-341.333 153.6-341.333 341.333s153.6 341.333 341.333 341.333h341.333c187.733 0 341.333-153.6 341.333-341.333s-153.6-341.333-341.333-341.333zM682.667 768h-341.333c-140.8 0-256-115.2-256-256s115.2-256 256-256h341.333c140.8 0 256 115.2 256 256s-115.2 256-256 256z",
          "M341.333 341.333c-93.867 0-170.667 76.8-170.667 170.667s76.8 170.667 170.667 170.667 170.667-76.8 170.667-170.667c0-93.867-76.8-170.667-170.667-170.667zM341.333 597.333c-46.933 0-85.333-38.4-85.333-85.333s38.4-85.333 85.333-85.333 85.333 38.4 85.333 85.333c0 46.933-38.4 85.333-85.333 85.333z"
        ],
        "attrs": [],
        "isMulticolor": false,
        "isMulticolor2": false,
        "tags": [
          "toggle-left"
        ],
        "grid": 24
      },
      "attrs": [],
      "properties": {
        "id": 203,
        "order": 44,
        "prevSize": 24,
        "code": 59651,
        "name": "toggle-left"
      },
      "setIdx": 4,
      "setId": 1,
      "iconIdx": 3
    },
    {
      "icon": {
        "paths": [
          "M682.667 170.667h-341.333c-187.733 0-341.333 153.6-341.333 341.333s153.6 341.333 341.333 341.333h341.333c187.733 0 341.333-153.6 341.333-341.333s-153.6-341.333-341.333-341.333zM682.667 768h-341.333c-140.8 0-256-115.2-256-256s115.2-256 256-256h341.333c140.8 0 256 115.2 256 256s-115.2 256-256 256z",
          "M682.667 341.333c-93.867 0-170.667 76.8-170.667 170.667s76.8 170.667 170.667 170.667 170.667-76.8 170.667-170.667c0-93.867-76.8-170.667-170.667-170.667zM682.667 597.333c-46.933 0-85.333-38.4-85.333-85.333s38.4-85.333 85.333-85.333 85.333 38.4 85.333 85.333c0 46.933-38.4 85.333-85.333 85.333z"
        ],
        "attrs": [],
        "isMulticolor": false,
        "isMulticolor2": false,
        "tags": [
          "toggle-right"
        ],
        "grid": 24
      },
      "attrs": [],
      "properties": {
        "id": 204,
        "order": 45,
        "prevSize": 24,
        "code": 59653,
        "name": "toggle-right"
      },
      "setIdx": 4,
      "setId": 1,
      "iconIdx": 4
    },
    {
      "icon": {
        "paths": [
          "M986.51 37.49c-49.988-49.986-131.032-49.986-181.020 0l-172.118 172.118-121.372-121.372-135.764 135.764 106.426 106.426-472.118 472.118c-8.048 8.048-11.468 18.958-10.3 29.456h-0.244v160c0 17.674 14.328 32 32 32h160c0 0 2.664 0 4 0 9.212 0 18.426-3.516 25.456-10.544l472.118-472.118 106.426 106.426 135.764-135.764-121.372-121.372 172.118-172.118c49.986-49.988 49.986-131.032 0-181.020zM173.090 960h-109.090v-109.090l469.574-469.572 109.088 109.088-469.572 469.574z"
        ],
        "attrs": [],
        "isMulticolor": false,
        "isMulticolor2": false,
        "tags": [
          "eyedropper",
          "color",
          "color-picker",
          "sample"
        ],
        "defaultCode": 59658,
        "grid": 16
      },
      "attrs": [],
      "properties": {
        "ligatures": "eyedropper, color",
        "name": "eyedropper",
        "id": 10,
        "order": 78,
        "prevSize": 32,
        "code": 59676
      },
      "setIdx": 1,
      "setId": 4,
      "iconIdx": 10
    },
    {
      "icon": {
        "paths": [
          "M864.626 473.162c-65.754-183.44-205.11-348.15-352.626-473.162-147.516 125.012-286.87 289.722-352.626 473.162-40.664 113.436-44.682 236.562 12.584 345.4 65.846 125.14 198.632 205.438 340.042 205.438s274.196-80.298 340.040-205.44c57.27-108.838 53.25-231.962 12.586-345.398zM738.764 758.956c-43.802 83.252-132.812 137.044-226.764 137.044-55.12 0-108.524-18.536-152.112-50.652 13.242 1.724 26.632 2.652 40.112 2.652 117.426 0 228.668-67.214 283.402-171.242 44.878-85.292 40.978-173.848 23.882-244.338 14.558 28.15 26.906 56.198 36.848 83.932 22.606 63.062 40.024 156.34-5.368 242.604z"
        ],
        "attrs": [],
        "isMulticolor": false,
        "isMulticolor2": false,
        "tags": [
          "droplet",
          "color",
          "water"
        ],
        "defaultCode": 59659,
        "grid": 16
      },
      "attrs": [],
      "properties": {
        "ligatures": "droplet, color2",
        "name": "droplet",
        "id": 11,
        "order": 76,
        "prevSize": 32,
        "code": 59675
      },
      "setIdx": 1,
      "setId": 4,
      "iconIdx": 11
    },
    {
      "icon": {
        "paths": [
          "M928 128h-288c0-70.692-57.306-128-128-128-70.692 0-128 57.308-128 128h-288c-17.672 0-32 14.328-32 32v832c0 17.674 14.328 32 32 32h832c17.674 0 32-14.326 32-32v-832c0-17.672-14.326-32-32-32zM512 64c35.346 0 64 28.654 64 64s-28.654 64-64 64c-35.346 0-64-28.654-64-64s28.654-64 64-64zM896 960h-768v-768h128v96c0 17.672 14.328 32 32 32h448c17.674 0 32-14.328 32-32v-96h128v768z",
          "M736 576h-448c-17.672 0-32-14.328-32-32s14.328-32 32-32h448c17.674 0 32 14.328 32 32s-14.326 32-32 32z",
          "M736 704h-448c-17.672 0-32-14.326-32-32s14.328-32 32-32h448c17.674 0 32 14.326 32 32s-14.326 32-32 32z",
          "M736 832h-448c-17.672 0-32-14.326-32-32s14.328-32 32-32h448c17.674 0 32 14.326 32 32s-14.326 32-32 32z"
        ],
        "attrs": [],
        "isMulticolor": false,
        "isMulticolor2": false,
        "tags": [
          "clipboard",
          "board",
          "list"
        ],
        "defaultCode": 60498,
        "grid": 16
      },
      "attrs": [],
      "properties": {
        "order": 11,
        "prevSize": 32,
        "ligatures": "clipboard3, board3",
        "name": "paste",
        "id": 0,
        "code": 60498
      },
      "setIdx": 4,
      "setId": 1,
      "iconIdx": 10
    },
    {
      "icon": {
        "paths": [
          "M480 704h-480v256h960v-256h-480zM896 832h-128v-64h128v64zM224 320l256-256 256 256h-160v320h-192v-320z"
        ],
        "attrs": [],
        "isMulticolor": false,
        "isMulticolor2": false,
        "tags": [
          "upload",
          "load",
          "open"
        ],
        "defaultCode": 60556,
        "grid": 16
      },
      "attrs": [],
      "properties": {
        "order": 13,
        "prevSize": 32,
        "ligatures": "upload8, load10",
        "name": "upload",
        "id": 1,
        "code": 60556
      },
      "setIdx": 4,
      "setId": 1,
      "iconIdx": 11
    },
    {
      "icon": {
        "paths": [
          "M1006.476 211.262c-21.974-53.048-63.706-106.424-114.494-146.444-53.044-41.798-109.856-64.818-159.966-64.818-38.876 0-72.2 13.61-99.042 40.452l-458.97 458.964c-4.644 4.642-8.214 10.246-10.462 16.414l-160.822 425.22c-5.988 16.438-1.91 34.856 10.46 47.224l22.54 22.542c8.592 8.592 20.096 13.184 31.83 13.184 5.164 0 10.374-0.89 15.398-2.72l425.23-160.82c6.168-2.248 11.772-5.818 16.416-10.46l458.97-458.964c44.4-44.404 52.54-108.246 22.912-179.774zM479.656 767.656l-223.306-223.306 384.004-383.996 223.304 223.304-384.002 383.998z"
        ],
        "attrs": [],
        "isMulticolor": false,
        "isMulticolor2": false,
        "tags": [
          "marker",
          "write",
          "highlight",
          "pencil"
        ],
        "defaultCode": 59683,
        "grid": 16
      },
      "attrs": [],
      "properties": {
        "order": 18,
        "prevSize": 32,
        "ligatures": "marker, write13",
        "name": "marker",
        "id": 4,
        "code": 59683
      },
      "setIdx": 4,
      "setId": 1,
      "iconIdx": 12
    },
    {
      "icon": {
        "paths": [
          "M917.806 229.076c-22.212-30.292-53.174-65.7-87.178-99.704s-69.412-64.964-99.704-87.178c-51.574-37.82-76.592-42.194-90.924-42.194h-496c-44.112 0-80 35.888-80 80v864c0 44.112 35.888 80 80 80h400c17.674 0 32-14.326 32-32s-14.326-32-32-32h-400c-8.672 0-16-7.328-16-16v-864c0-8.672 7.328-16 16-16 0 0 495.956-0.002 496 0v224c0 17.672 14.326 32 32 32h224v224c0 17.674 14.326 32 32 32s32-14.326 32-32v-224c0-14.332-4.372-39.35-42.194-90.924zM704 256v-153.946c22.984 17.78 50.678 41.878 81.374 72.574 30.7 30.7 54.8 58.398 72.58 81.374h-153.954z",
          "M1024 768h-128v-128h-128v128h-128v128h128v128h128v-128h128z"
        ],
        "attrs": [],
        "isMulticolor": false,
        "isMulticolor2": false,
        "tags": [
          "file-plus",
          "file",
          "document",
          "file-add",
          "new",
          "page",
          "paper"
        ],
        "defaultCode": 59809,
        "grid": 16
      },
      "attrs": [],
      "properties": {
        "order": 21,
        "prevSize": 32,
        "ligatures": "file-plus, file5",
        "name": "file-plus",
        "id": 5,
        "code": 59809
      },
      "setIdx": 4,
      "setId": 1,
      "iconIdx": 13
    },
    {
      "icon": {
        "paths": [
          "M800 384h-224v-256h-128v256h-224l288 256zM743.098 532.632l-33.61 29.576c111.74 22.382 186.512 63.174 186.512 109.792 0 70.694-171.922 128-384 128s-384-57.306-384-128c0-46.618 74.772-87.41 186.51-109.792l-33.608-29.576c-166.658 31.67-280.902 96.512-280.902 171.368 0 106.040 229.23 192 512 192s512-85.96 512-192c0-74.856-114.242-139.698-280.902-171.368z"
        ],
        "attrs": [],
        "isMulticolor": false,
        "isMulticolor2": false,
        "tags": [
          "download",
          "save",
          "store",
          "arrow"
        ],
        "defaultCode": 60557,
        "grid": 16
      },
      "attrs": [],
      "properties": {
        "order": 26,
        "prevSize": 32,
        "ligatures": "download9, save15",
        "name": "drop",
        "id": 8,
        "code": 60557
      },
      "setIdx": 4,
      "setId": 1,
      "iconIdx": 14
    },
    {
      "icon": {
        "paths": [
          "M512 0c-282.77 0-512 229.23-512 512s229.23 512 512 512 512-229.23 512-512-229.23-512-512-512zM512 832c-35.346 0-64-28.654-64-64s28.654-64 64-64 64 28.654 64 64-28.654 64-64 64zM617.538 504.158c-39.112 24.57-57.538 38.114-57.538 56.092v32c0 26.51-21.49 48-48 48s-48-21.49-48-48v-32c0-33.618 12.964-63.854 38.532-89.87 18.864-19.194 41.778-33.59 63.936-47.512 45.564-28.624 65.532-43.978 65.532-70.868 0-29.252-16.88-48.788-31.042-60.026-22.734-18.040-54.328-27.974-88.958-27.974-52.534 0-99.792 35.082-114.924 85.314-7.648 25.382-34.422 39.758-59.806 32.114-25.382-7.648-39.76-34.422-32.114-59.806 13.112-43.52 40.398-82.63 76.832-110.124 37.71-28.456 82.668-43.498 130.012-43.498 56.208 0 108.994 17.322 148.63 48.776 43.444 34.474 67.37 82.496 67.37 135.224 0 82.76-63.846 122.872-110.462 152.158z"
        ],
        "attrs": [],
        "isMulticolor": false,
        "isMulticolor2": false,
        "tags": [
          "question",
          "help",
          "support"
        ],
        "defaultCode": 60758,
        "grid": 16
      },
      "attrs": [],
      "properties": {
        "order": 30,
        "prevSize": 32,
        "ligatures": "question4, help4",
        "name": "help",
        "id": 10,
        "code": 60758
      },
      "setIdx": 4,
      "setId": 1,
      "iconIdx": 15
    },
    {
      "icon": {
        "paths": [
          "M853.806 229.076c-22.21-30.292-53.174-65.7-87.178-99.704s-69.412-64.964-99.704-87.178c-51.574-37.82-76.592-42.194-90.924-42.194h-432c-44.112 0-80 35.888-80 80v240l32 704 32-704v-240c0-8.672 7.328-16 16-16 0 0 431.956-0.002 432 0v224c0 17.672 14.324 32 32 32h224l32 704 32-704c0-14.332-4.372-39.35-42.194-90.924zM640 256v-153.946c22.982 17.78 50.678 41.878 81.374 72.572 30.7 30.7 54.8 58.398 72.58 81.374h-153.954z",
          "M384 1024h192v-320h160l-256-256-256 256h160z"
        ],
        "attrs": [],
        "isMulticolor": false,
        "isMulticolor2": false,
        "tags": [
          "file-upload",
          "file",
          "document",
          "page",
          "paper"
        ],
        "defaultCode": 57482,
        "grid": 16
      },
      "attrs": [],
      "properties": {
        "id": 17,
        "order": 39,
        "prevSize": 32,
        "code": 59815,
        "ligatures": "file-upload, file11",
        "name": "add-documents"
      },
      "setIdx": 4,
      "setId": 1,
      "iconIdx": 16
    },
    {
      "icon": {
        "paths": [
          "M917.806 229.076c-22.208-30.292-53.174-65.7-87.178-99.704s-69.412-64.964-99.704-87.178c-51.574-37.82-76.592-42.194-90.924-42.194h-496c-44.112 0-80 35.888-80 80v864c0 44.112 35.884 80 80 80h736c44.112 0 80-35.888 80-80v-624c0-14.332-4.372-39.35-42.194-90.924v0 0zM785.374 174.626c30.7 30.7 54.8 58.398 72.58 81.374h-153.954v-153.946c22.98 17.78 50.678 41.878 81.374 72.572v0 0zM896 944c0 8.672-7.328 16-16 16h-736c-8.672 0-16-7.328-16-16v-864c0-8.672 7.328-16 16-16 0 0 495.956-0.002 496 0v224c0 17.672 14.322 32 32 32h224v624z",
          "M256 64h128v64h-128v-64z",
          "M384 128h128v64h-128v-64z",
          "M256 192h128v64h-128v-64z",
          "M384 256h128v64h-128v-64z",
          "M256 320h128v64h-128v-64z",
          "M384 384h128v64h-128v-64z",
          "M256 448h128v64h-128v-64z",
          "M384 512h128v64h-128v-64z",
          "M256 848c0 26.4 21.6 48 48 48h160c26.4 0 48-21.6 48-48v-160c0-26.4-21.6-48-48-48h-80v-64h-128v272zM448 768v64h-128v-64h128z"
        ],
        "attrs": [],
        "isMulticolor": false,
        "isMulticolor2": false,
        "tags": [
          "file-zip",
          "file",
          "document",
          "file-compressed",
          "file-type",
          "file-format"
        ],
        "defaultCode": 58598,
        "grid": 16
      },
      "attrs": [],
      "properties": {
        "id": 18,
        "order": 40,
        "prevSize": 32,
        "code": 59833,
        "ligatures": "file-zip, file27",
        "name": "download"
      },
      "setIdx": 4,
      "setId": 1,
      "iconIdx": 17
    },
    {
      "icon": {
        "paths": [
          "M264.082 576c-5.272 20.456-8.082 41.898-8.082 64 0 141.384 114.616 256 256 256s256-114.616 256-256-114.616-256-256-256v192l-320-256 320-256v192c212.078 0 384 171.922 384 384s-171.922 384-384 384-384-171.922-384-384c0-21.81 1.86-43.184 5.354-64h130.728z"
        ],
        "attrs": [],
        "isMulticolor": false,
        "isMulticolor2": false,
        "tags": [
          "reset"
        ],
        "defaultCode": 58880,
        "grid": 16
      },
      "attrs": [],
      "properties": {
        "id": 19,
        "order": 41,
        "prevSize": 32,
        "code": 59979,
        "ligatures": "reset",
        "name": "reset"
      },
      "setIdx": 4,
      "setId": 1,
      "iconIdx": 18
    },
    {
      "icon": {
        "paths": [
          "M512 0c-282.77 0-512 229.23-512 512s229.23 512 512 512 512-229.23 512-512-229.23-512-512-512zM512 928c-229.75 0-416-186.25-416-416s186.25-416 416-416 416 186.25 416 416-186.25 416-416 416z",
          "M512 352h64v128h-64v-128z",
          "M672 256h-384c-17.6 0-32 14.4-32 32v448c0 17.6 14.4 32 32 32h448c17.6 0 32-14.4 32-32v-384l-96-96zM384 320h256v192h-256v-192zM704 704h-384v-64h384v64z"
        ],
        "attrs": [],
        "isMulticolor": false,
        "isMulticolor2": false,
        "tags": [
          "floppy-disk",
          "save"
        ],
        "defaultCode": 60042,
        "grid": 16
      },
      "attrs": [],
      "properties": {
        "id": 20,
        "order": 42,
        "prevSize": 32,
        "code": 60042,
        "ligatures": "floppy-disk3, save6",
        "name": "floppy-disk3"
      },
      "setIdx": 4,
      "setId": 1,
      "iconIdx": 19
    },
    {
      "icon": {
        "paths": [
          "M288 320h-128c-17.6 0-32 14.4-32 32v64c0 17.6 14.4 32 32 32h128c17.6 0 32-14.4 32-32v-64c0-17.6-14.4-32-32-32zM192 128h64v160h-64zM192 480h64v416h-64zM544 576h-128c-17.6 0-32 14.4-32 32v64c0 17.6 14.4 32 32 32h128c17.602 0 32-14.4 32-32v-64c0-17.6-14.398-32-32-32zM448.002 128h64v416h-64zM448.002 736h64v160h-64zM800 384h-128c-17.598 0-32 14.4-32 32v64c0 17.6 14.402 32 32 32h128c17.602 0 32-14.4 32-32v-64c0-17.6-14.398-32-32-32zM704 128h64v224h-64zM704 544h64v352h-64zM880 0h-800c-44.112 0-80 35.888-80 80v864c0 44.112 35.888 80 80 80h800c44.112 0 80-35.888 80-80v-864c0-44.112-35.888-80-80-80zM896 944c0 8.8-7.2 16-16 16h-800c-8.8 0-16-7.2-16-16v-864c0-8.8 7.2-16 16-16h800c8.8 0 16 7.2 16 16v864z"
        ],
        "attrs": [],
        "isMulticolor": false,
        "isMulticolor2": false,
        "tags": [
          "equalizer",
          "sliders",
          "settings",
          "preferences",
          "dashboard",
          "control"
        ],
        "defaultCode": 57821,
        "grid": 16
      },
      "attrs": [],
      "properties": {
        "id": 21,
        "order": 43,
        "prevSize": 32,
        "code": 60250,
        "ligatures": "equalizer3, sliders3",
        "name": "fiddle"
      },
      "setIdx": 4,
      "setId": 1,
      "iconIdx": 20
    },
    {
      "icon": {
        "paths": [
          "M516.362 451.818l188.772-58.68-193.134-136.584v-256.554l-206.936 149.068-241.064-85.068 85.066 241.066-149.066 206.934h256l137.134 193.136 58.682-188.774 444.184 507.638 128-128-507.638-444.182zM404.654 404.656l-39.158 125.972-76.168-106.020h-131.904l78.894-105.722-42.36-124.928 124.928 42.364 105.724-78.894v131.904l106.016 76.168-125.972 39.156z"
        ],
        "attrs": [],
        "isMulticolor": false,
        "isMulticolor2": false,
        "tags": [
          "magic-wand",
          "wizard"
        ],
        "defaultCode": 57837,
        "grid": 16
      },
      "attrs": [],
      "properties": {
        "id": 22,
        "order": 10,
        "prevSize": 32,
        "code": 60267,
        "ligatures": "magic-wand2, wizard2",
        "name": "optimise"
      },
      "setIdx": 4,
      "setId": 1,
      "iconIdx": 21
    },
    {
      "icon": {
        "paths": [
          "M128 320v640c0 35.2 28.8 64 64 64h576c35.2 0 64-28.8 64-64v-640h-704zM320 896h-64v-448h64v448zM448 896h-64v-448h64v448zM576 896h-64v-448h64v448zM704 896h-64v-448h64v448z",
          "M848 128h-208v-80c0-26.4-21.6-48-48-48h-224c-26.4 0-48 21.6-48 48v80h-208c-26.4 0-48 21.6-48 48v80h832v-80c0-26.4-21.6-48-48-48zM576 128h-192v-63.198h192v63.198z"
        ],
        "attrs": [],
        "isMulticolor": false,
        "isMulticolor2": false,
        "tags": [
          "bin",
          "trashcan",
          "remove",
          "delete",
          "recycle",
          "dispose"
        ],
        "defaultCode": 57938,
        "grid": 16
      },
      "attrs": [],
      "properties": {
        "id": 23,
        "order": 12,
        "prevSize": 32,
        "code": 60410,
        "ligatures": "bin, trashcan",
        "name": "discard"
      },
      "setIdx": 4,
      "setId": 1,
      "iconIdx": 22
    },
    {
      "icon": {
        "paths": [
          "M512 92.774l429.102 855.226h-858.206l429.104-855.226zM512 0c-22.070 0-44.14 14.882-60.884 44.648l-437.074 871.112c-33.486 59.532-5 108.24 63.304 108.24h869.308c68.3 0 96.792-48.708 63.3-108.24h0.002l-437.074-871.112c-16.742-29.766-38.812-44.648-60.882-44.648v0z",
          "M576 832c0 35.346-28.654 64-64 64s-64-28.654-64-64c0-35.346 28.654-64 64-64s64 28.654 64 64z",
          "M512 704c-35.346 0-64-28.654-64-64v-192c0-35.346 28.654-64 64-64s64 28.654 64 64v192c0 35.346-28.654 64-64 64z"
        ],
        "attrs": [],
        "isMulticolor": false,
        "isMulticolor2": false,
        "tags": [
          "warning",
          "sign"
        ],
        "defaultCode": 58197,
        "grid": 16
      },
      "attrs": [],
      "properties": {
        "id": 27,
        "order": 20,
        "prevSize": 32,
        "code": 60748,
        "ligatures": "warning, sign",
        "name": "warning"
      },
      "setIdx": 4,
      "setId": 1,
      "iconIdx": 23
    },
    {
      "icon": {
        "paths": [
          "M448 304c0-26.4 21.6-48 48-48h32c26.4 0 48 21.6 48 48v32c0 26.4-21.6 48-48 48h-32c-26.4 0-48-21.6-48-48v-32z",
          "M640 768h-256v-64h64v-192h-64v-64h192v256h64z",
          "M512 0c-282.77 0-512 229.23-512 512s229.23 512 512 512 512-229.23 512-512-229.23-512-512-512zM512 928c-229.75 0-416-186.25-416-416s186.25-416 416-416 416 186.25 416 416-186.25 416-416 416z"
        ],
        "attrs": [],
        "isMulticolor": false,
        "isMulticolor2": false,
        "tags": [
          "info",
          "information"
        ],
        "defaultCode": 60768,
        "grid": 16
      },
      "attrs": [],
      "properties": {
        "id": 28,
        "order": 23,
        "prevSize": 32,
        "code": 60768,
        "ligatures": "info, information",
        "name": "info"
      },
      "setIdx": 4,
      "setId": 1,
      "iconIdx": 24
    },
    {
      "icon": {
        "paths": [
          "M512 0c-282.77 0-512 229.23-512 512s229.23 512 512 512 512-229.23 512-512-229.23-512-512-512zM512 928c-229.75 0-416-186.25-416-416s186.25-416 416-416 416 186.25 416 416-186.25 416-416 416z",
          "M672 256l-160 160-160-160-96 96 160 160-160 160 96 96 160-160 160 160 96-96-160-160 160-160z"
        ],
        "attrs": [],
        "isMulticolor": false,
        "isMulticolor2": false,
        "tags": [
          "cancel-circle",
          "close",
          "remove",
          "delete"
        ],
        "defaultCode": 60770,
        "grid": 16
      },
      "attrs": [],
      "properties": {
        "id": 29,
        "order": 24,
        "prevSize": 32,
        "code": 60770,
        "ligatures": "cancel-circle, close",
        "name": "cancel"
      },
      "setIdx": 4,
      "setId": 1,
      "iconIdx": 25
    },
    {
      "icon": {
        "paths": [
          "M893.254 221.254l-90.508-90.508-290.746 290.744-290.746-290.744-90.508 90.506 290.746 290.748-290.746 290.746 90.508 90.508 290.746-290.746 290.746 290.746 90.508-90.51-290.744-290.744z"
        ],
        "attrs": [],
        "isMulticolor": false,
        "isMulticolor2": false,
        "tags": [
          "cross",
          "cancel",
          "close",
          "quit",
          "remove"
        ],
        "defaultCode": 60778,
        "grid": 16
      },
      "attrs": [],
      "properties": {
        "id": 30,
        "order": 27,
        "prevSize": 32,
        "code": 60778,
        "ligatures": "cross2, cancel3",
        "name": "close"
      },
      "setIdx": 4,
      "setId": 1,
      "iconIdx": 26
    },
    {
      "icon": {
        "paths": [
          "M0 512h128v64h-128zM192 512h192v64h-192zM448 512h128v64h-128zM640 512h192v64h-192zM896 512h128v64h-128zM880 0l16 448h-768l16-448h32l16 384h640l16-384zM144 1024l-16-384h768l-16 384h-32l-16-320h-640l-16 320z"
        ],
        "attrs": [],
        "isMulticolor": false,
        "isMulticolor2": false,
        "tags": [
          "page-break",
          "wysiwyg"
        ],
        "defaultCode": 58460,
        "grid": 16
      },
      "attrs": [],
      "properties": {
        "id": 32,
        "order": 31,
        "prevSize": 32,
        "code": 61090,
        "ligatures": "page-break2, wysiwyg19",
        "name": "split"
      },
      "setIdx": 4,
      "setId": 1,
      "iconIdx": 27
    },
    {
      "icon": {
        "paths": [
          "M512 102.4v819.2c226.216 0 409.6-183.384 409.6-409.6s-183.384-409.6-409.6-409.6v0zM512 1024c-282.77 0-512-229.23-512-512s229.23-512 512-512v0c282.77 0 512 229.23 512 512s-229.23 512-512 512v0z"
        ],
        "attrs": [],
        "isMulticolor": false,
        "isMulticolor2": false,
        "tags": [
          "adjust"
        ],
        "grid": 20
      },
      "attrs": [],
      "properties": {
        "id": 3,
        "order": 62,
        "prevSize": 20,
        "code": 59658,
        "name": "adjust"
      },
      "setIdx": 2,
      "setId": 3,
      "iconIdx": 2
    },
    {
      "icon": {
        "paths": [
          "M307.2 204.8h-51.2c-28.277 0-51.2-22.923-51.2-51.2s22.923-51.2 51.2-51.2v0h563.2v-51.2c0-28.277-22.923-51.2-51.2-51.2v0h-563.2c-56.554 0-102.4 45.846-102.4 102.4v0 819.2c0 56.32 46.080 102.4 102.4 102.4h614.4c56.554 0 102.4-45.846 102.4-102.4v0-665.6c0-28.277-22.923-51.2-51.2-51.2v0h-358.4v409.6l-102.4-102.4-102.4 102.4v-409.6z"
        ],
        "attrs": [],
        "isMulticolor": false,
        "isMulticolor2": false,
        "tags": [
          "book-reference"
        ],
        "grid": 20
      },
      "attrs": [],
      "properties": {
        "id": 43,
        "order": 63,
        "prevSize": 20,
        "code": 59659,
        "name": "book-reference"
      },
      "setIdx": 2,
      "setId": 3,
      "iconIdx": 42
    },
    {
      "icon": {
        "paths": [
          "M0 102.4c0-56.32 46.080-102.4 102.4-102.4h819.2c56.554 0 102.4 45.846 102.4 102.4v0 102.4h-1024v-102.4zM51.2 256h921.6v665.6c0 56.554-45.846 102.4-102.4 102.4v0h-716.8c-56.554 0-102.4-45.846-102.4-102.4v0-665.6zM358.4 358.4v102.4h307.2v-102.4h-307.2z"
        ],
        "attrs": [],
        "isMulticolor": false,
        "isMulticolor2": false,
        "tags": [
          "box"
        ],
        "grid": 20
      },
      "attrs": [],
      "properties": {
        "id": 59,
        "order": 64,
        "prevSize": 20,
        "code": 59660,
        "name": "box"
      },
      "setIdx": 2,
      "setId": 3,
      "iconIdx": 58
    },
    {
      "icon": {
        "paths": [
          "M460.8 512v-102.4h102.4v102.4h102.4v102.4h-102.4v102.4h-102.4v-102.4h-102.4v-102.4h102.4zM204.8 921.6h614.4v-614.4h-204.8v-204.8h-409.6v819.2zM102.4 972.8v-972.8h614.4l204.8 204.8v819.2h-819.2v-51.2z"
        ],
        "attrs": [],
        "isMulticolor": false,
        "isMulticolor2": false,
        "tags": [
          "document-add"
        ],
        "grid": 20
      },
      "attrs": [],
      "properties": {
        "id": 106,
        "order": 67,
        "prevSize": 20,
        "code": 59661,
        "name": "document-add"
      },
      "setIdx": 2,
      "setId": 3,
      "iconIdx": 105
    },
    {
      "icon": {
        "paths": [
          "M665.6 409.6v-307.2h-307.2v307.2h-256l409.6 409.6 409.6-409.6h-256zM0 921.6h1024v102.4h-1024v-102.4z"
        ],
        "attrs": [],
        "isMulticolor": false,
        "isMulticolor2": false,
        "tags": [
          "download"
        ],
        "grid": 20
      },
      "attrs": [],
      "properties": {
        "id": 109,
        "order": 65,
        "prevSize": 20,
        "code": 59662,
        "name": "download3"
      },
      "setIdx": 2,
      "setId": 3,
      "iconIdx": 108
    },
    {
      "icon": {
        "paths": [
          "M170.496 409.6l341.504 204.8 512-307.2-512-307.2-512 307.2h512v102.4h-341.504zM0 409.6v409.6l102.4-113.664v-234.496l-102.4-61.44zM512 1024l-358.4-215.040v-307.2l358.4 215.040 358.4-215.040v307.2l-358.4 215.040z"
        ],
        "attrs": [],
        "isMulticolor": false,
        "isMulticolor2": false,
        "tags": [
          "education"
        ],
        "grid": 20
      },
      "attrs": [],
      "properties": {
        "id": 115,
        "order": 60,
        "prevSize": 20,
        "code": 59663,
        "name": "education"
      },
      "setIdx": 2,
      "setId": 3,
      "iconIdx": 114
    },
    {
      "icon": {
        "paths": [
          "M0 204.8c0-56.32 46.080-102.4 102.4-102.4h358.4l102.4 102.4h358.4c56.554 0 102.4 45.846 102.4 102.4v0 512c0 56.554-45.846 102.4-102.4 102.4v0h-819.2c-56.554 0-102.4-45.846-102.4-102.4v0-614.4zM102.4 307.2v512h819.2v-512h-819.2zM460.8 512v-102.4h102.4v102.4h102.4v102.4h-102.4v102.4h-102.4v-102.4h-102.4v-102.4h102.4z"
        ],
        "attrs": [],
        "isMulticolor": false,
        "isMulticolor2": false,
        "tags": [
          "folder-outline-add"
        ],
        "grid": 20
      },
      "attrs": [],
      "properties": {
        "id": 129,
        "order": 66,
        "prevSize": 20,
        "code": 59664,
        "name": "folder-outline-add"
      },
      "setIdx": 2,
      "setId": 3,
      "iconIdx": 128
    },
    {
      "icon": {
        "paths": [
          "M0 102.4c0-56.32 46.080-102.4 102.4-102.4h819.2c56.554 0 102.4 45.846 102.4 102.4v0 819.2c0 56.554-45.846 102.4-102.4 102.4v0h-819.2c-56.554 0-102.4-45.846-102.4-102.4v0-819.2zM716.8 716.8h204.8v-614.4h-819.2v614.4h204.8c0 56.32 46.080 102.4 102.4 102.4h204.8c56.554 0 102.4-45.846 102.4-102.4v0zM256 460.8l102.4-102.4 102.4 102.4 204.8-204.8 102.4 102.4-307.2 307.2-204.8-204.8z"
        ],
        "attrs": [],
        "isMulticolor": false,
        "isMulticolor2": false,
        "tags": [
          "inbox-check"
        ],
        "grid": 20
      },
      "attrs": [],
      "properties": {
        "id": 147,
        "order": 68,
        "prevSize": 20,
        "code": 59665,
        "name": "inbox-check"
      },
      "setIdx": 2,
      "setId": 3,
      "iconIdx": 146
    },
    {
      "icon": {
        "paths": [
          "M460.8 921.6v-54.272c-203.112-26.323-358.4-198.221-358.4-406.387 0-0.050 0-0.099 0-0.149l-0 0.008h102.4c0 169.662 137.538 307.2 307.2 307.2s307.2-137.538 307.2-307.2v0h102.4c0 0.042 0 0.091 0 0.141 0 208.167-155.288 380.064-356.342 406.169l-2.058 0.218v54.272h153.6v102.4h-409.6v-102.4h153.6zM307.2 204.8c0-113.108 91.692-204.8 204.8-204.8s204.8 91.692 204.8 204.8v0 256c0 113.108-91.692 204.8-204.8 204.8s-204.8-91.692-204.8-204.8v0-256z"
        ],
        "attrs": [],
        "isMulticolor": false,
        "isMulticolor2": false,
        "tags": [
          "mic"
        ],
        "grid": 20
      },
      "attrs": [],
      "properties": {
        "id": 177,
        "order": 73,
        "prevSize": 20,
        "code": 59666,
        "name": "mic"
      },
      "setIdx": 2,
      "setId": 3,
      "iconIdx": 176
    },
    {
      "icon": {
        "paths": [
          "M256 204.8h153.6v614.4h-153.6v-614.4zM614.4 204.8h153.6v614.4h-153.6v-614.4z"
        ],
        "attrs": [],
        "isMulticolor": false,
        "isMulticolor2": false,
        "tags": [
          "pause"
        ],
        "grid": 20
      },
      "attrs": [],
      "properties": {
        "id": 199,
        "order": 69,
        "prevSize": 20,
        "code": 59667,
        "name": "pause"
      },
      "setIdx": 2,
      "setId": 3,
      "iconIdx": 198
    },
    {
      "icon": {
        "paths": [
          "M204.8 204.8l614.4 307.2-614.4 307.2z"
        ],
        "attrs": [],
        "isMulticolor": false,
        "isMulticolor2": false,
        "tags": [
          "play"
        ],
        "grid": 20
      },
      "attrs": [],
      "properties": {
        "id": 207,
        "order": 70,
        "prevSize": 20,
        "code": 59668,
        "name": "play"
      },
      "setIdx": 2,
      "setId": 3,
      "iconIdx": 206
    },
    {
      "icon": {
        "paths": [
          "M0 102.4c0-56.32 46.080-102.4 102.4-102.4h716.8l204.8 204.8v716.8c0 56.554-45.846 102.4-102.4 102.4v0h-819.2c-56.554 0-102.4-45.846-102.4-102.4v0-819.2zM256 102.4v307.2h512v-307.2h-512zM563.2 153.6h153.6v204.8h-153.6v-204.8z"
        ],
        "attrs": [],
        "isMulticolor": false,
        "isMulticolor2": false,
        "tags": [
          "save-disk"
        ],
        "grid": 20
      },
      "attrs": [],
      "properties": {
        "id": 224,
        "order": 56,
        "prevSize": 20,
        "code": 59669,
        "name": "save-disk"
      },
      "setIdx": 2,
      "setId": 3,
      "iconIdx": 223
    },
    {
      "icon": {
        "paths": [
          "M358.4 153.6h-256v716.8h256v-716.8zM460.8 153.6v716.8h460.8v-716.8h-460.8zM0 153.6c0-56.32 46.080-102.4 102.4-102.4h819.2c56.554 0 102.4 45.846 102.4 102.4v0 716.8c0 56.554-45.846 102.4-102.4 102.4v0h-819.2c-56.554 0-102.4-45.846-102.4-102.4v0-716.8zM153.6 204.8h153.6v102.4h-153.6v-102.4zM153.6 358.4h153.6v102.4h-153.6v-102.4zM153.6 512h153.6v102.4h-153.6v-102.4z"
        ],
        "attrs": [],
        "isMulticolor": false,
        "isMulticolor2": false,
        "tags": [
          "show-sidebar"
        ],
        "grid": 20
      },
      "attrs": [],
      "properties": {
        "id": 234,
        "order": 72,
        "prevSize": 20,
        "code": 59670,
        "name": "show-sidebar"
      },
      "setIdx": 2,
      "setId": 3,
      "iconIdx": 233
    },
    {
      "icon": {
        "paths": [
          "M212.992 212.992l72.704 72.704c-81.127 66.138-132.521 166.076-132.521 278.017 0 197.656 160.232 357.888 357.888 357.888 0.329 0 0.659-0 0.988-0.001l-0.051 0c197.722-0.287 357.896-160.638 357.896-358.4 0-111.594-51.003-211.277-130.969-277.008l-0.622-0.496 72.704-72.704c99.127 85.029 161.536 210.425 161.536 350.396 0 254.493-206.307 460.8-460.8 460.8s-460.8-206.307-460.8-460.8c0-139.972 62.408-265.367 160.917-349.878l0.619-0.518zM460.8 0h102.4v409.6h-102.4v-409.6z"
        ],
        "attrs": [],
        "isMulticolor": false,
        "isMulticolor2": false,
        "tags": [
          "stand-by"
        ],
        "grid": 20
      },
      "attrs": [],
      "properties": {
        "id": 236,
        "order": 57,
        "prevSize": 20,
        "code": 59671,
        "name": "stand-by"
      },
      "setIdx": 2,
      "setId": 3,
      "iconIdx": 235
    },
    {
      "icon": {
        "paths": [
          "M563.2 1024c-56.554 0-102.4-45.846-102.4-102.4v0-307.2h-358.4c-56.554 0-102.4-45.846-102.4-102.4v0-102.4l117.76-313.344c23.921-54.755 76.246-93.003 137.847-96.24l0.393-0.016h409.6c56.554 0 102.4 45.846 102.4 102.4v0 409.6l-153.6 358.4v153.6h-51.2zM870.4 512v-512h153.6v512h-153.6z"
        ],
        "attrs": [],
        "isMulticolor": false,
        "isMulticolor2": false,
        "tags": [
          "thumbs-down"
        ],
        "grid": 20
      },
      "attrs": [],
      "properties": {
        "id": 253,
        "order": 58,
        "prevSize": 20,
        "code": 59672,
        "name": "thumbs-down"
      },
      "setIdx": 2,
      "setId": 3,
      "iconIdx": 252
    },
    {
      "icon": {
        "paths": [
          "M563.2 0h51.2v153.6l153.6 358.4v409.6c0 56.554-45.846 102.4-102.4 102.4v0h-409.6c-56.32 0-118.272-43.008-138.24-96.256l-117.76-313.344v-102.4c0-56.554 45.846-102.4 102.4-102.4v0h358.4v-307.2c0-56.554 45.846-102.4 102.4-102.4v0zM870.4 512h153.6v512h-153.6v-512z"
        ],
        "attrs": [],
        "isMulticolor": false,
        "isMulticolor2": false,
        "tags": [
          "thumbs-up"
        ],
        "grid": 20
      },
      "attrs": [],
      "properties": {
        "id": 254,
        "order": 59,
        "prevSize": 20,
        "code": 59673,
        "name": "thumbs-up"
      },
      "setIdx": 2,
      "setId": 3,
      "iconIdx": 253
    },
    {
      "icon": {
        "paths": [
          "M665.6 512v307.2h-307.2v-307.2h-256l409.6-409.6 409.6 409.6h-256zM0 921.6h1024v102.4h-1024v-102.4z"
        ],
        "attrs": [],
        "isMulticolor": false,
        "isMulticolor2": false,
        "tags": [
          "upload"
        ],
        "grid": 20
      },
      "attrs": [],
      "properties": {
        "id": 270,
        "order": 71,
        "prevSize": 20,
        "code": 59674,
        "name": "upload3"
      },
      "setIdx": 2,
      "setId": 3,
      "iconIdx": 269
    },
    {
      "icon": {
        "paths": [
          "M952.32 204.8h-880.64c-39.475 0-71.68 32.205-71.68 71.68v471.040c0 39.373 32.205 71.68 71.629 71.68h880.64c39.424 0 71.68-32.307 71.68-71.68v-471.040c0.051-39.475-32.256-71.68-71.629-71.68zM563.2 307.2h102.4v102.4h-102.4v-102.4zM716.8 460.8v102.4h-102.4v-102.4h102.4zM409.6 307.2h102.4v102.4h-102.4v-102.4zM563.2 460.8v102.4h-102.4v-102.4h102.4zM256 307.2h102.4v102.4h-102.4v-102.4zM409.6 460.8v102.4h-102.4v-102.4h102.4zM102.4 307.2h102.4v102.4h-102.4v-102.4zM256 460.8v102.4h-102.4v-102.4h102.4zM204.8 716.8h-102.4v-102.4h102.4v102.4zM768 716.8h-512v-102.4h512v102.4zM921.6 716.8h-102.4v-102.4h102.4v102.4zM768 563.2v-102.4h102.4v102.4h-102.4zM921.6 409.6h-204.8v-102.4h204.8v102.4z"
        ],
        "attrs": [],
        "isMulticolor": false,
        "isMulticolor2": false,
        "tags": [
          "keyboard"
        ],
        "grid": 20
      },
      "attrs": [],
      "properties": {
        "id": 195,
        "order": 48,
        "prevSize": 20,
        "code": 59654,
        "name": "keyboard"
      },
      "setIdx": 4,
      "setId": 1,
      "iconIdx": 0
    },
    {
      "icon": {
        "paths": [
          "M339.305 227.556l72.139 72.124c26.834 26.862 62.556 41.653 100.556 41.653h341.333v455.111h-682.667v-568.889h168.638zM374.667 113.778h-260.889c-31.417 0-56.889 25.472-56.889 56.889v682.667c0 31.417 25.472 56.889 56.889 56.889h796.444c31.417 0 56.889-25.472 56.889-56.889v-568.889c0-31.417-25.472-56.889-56.889-56.889h-398.222c-7.556 0-14.777-3.001-20.11-8.334l-97.111-97.111c-5.335-5.332-12.556-8.332-20.112-8.332v0z"
        ],
        "attrs": [
          {}
        ],
        "isMulticolor": false,
        "isMulticolor2": false,
        "tags": [
          "folder"
        ],
        "grid": 18
      },
      "attrs": [
        {}
      ],
      "properties": {
        "id": 22,
        "order": 50,
        "prevSize": 36,
        "code": 59655,
        "name": "folder"
      },
      "setIdx": 3,
      "setId": 2,
      "iconIdx": 21
    },
    {
      "icon": {
        "paths": [
          "M512 113.778c-185.611 0-371.195 132.75-512 398.222 140.805 265.472 326.389 398.222 512 398.222s371.195-132.75 512-398.222c-140.805-265.472-326.389-398.222-512-398.222zM512 796.444c-134.972 0-271.89-102.86-381.333-284.444 109.444-181.584 246.361-284.444 381.333-284.444s271.89 102.86 381.333 284.444c-109.444 181.584-246.361 284.444-381.333 284.444z",
          "M625.778 512c0 62.834-50.944 113.778-113.778 113.778s-113.778-50.944-113.778-113.778 50.944-113.778 113.778-113.778 113.778 50.944 113.778 113.778z"
        ],
        "attrs": [
          {},
          {}
        ],
        "isMulticolor": false,
        "isMulticolor2": false,
        "tags": [
          "eye"
        ],
        "grid": 18
      },
      "attrs": [
        {},
        {}
      ],
      "properties": {
        "id": 39,
        "order": 49,
        "prevSize": 36,
        "code": 59656,
        "name": "eye"
      },
      "setIdx": 3,
      "setId": 2,
      "iconIdx": 38
    },
    {
      "icon": {
        "paths": [
          "M910.222 56.889h-796.444c-31.417 0-56.889 25.472-56.889 56.889v796.444c0 31.417 25.472 56.889 56.889 56.889h796.444c31.417 0 56.889-25.472 56.889-56.889v-796.444c0-31.417-25.472-56.889-56.889-56.889zM170.667 199.111c0-15.723 12.722-28.444 28.444-28.444h85.333v113.778h-113.778v-85.333zM853.333 824.889c0 15.723-12.722 28.444-28.444 28.444h-625.778c-15.723 0-28.444-12.722-28.444-28.444v-426.667h682.667v426.667zM853.333 284.444h-455.111v-113.778h426.667c15.723 0 28.444 12.722 28.444 28.444v85.333z"
        ],
        "attrs": [
          {}
        ],
        "isMulticolor": false,
        "isMulticolor2": false,
        "tags": [
          "browser"
        ],
        "grid": 18
      },
      "attrs": [
        {}
      ],
      "properties": {
        "id": 51,
        "order": 51,
        "prevSize": 36,
        "code": 59657,
        "name": "browser"
      },
      "setIdx": 3,
      "setId": 2,
      "iconIdx": 50
    },
    {
      "icon": {
        "paths": [
          "M966.583 426.665c-0.917-21.378-2.836-43.298-5.113-65.652-15.865-154.999-139.525-282.148-293.86-301.401-166.503-20.782-312.528 79.584-363.371 224.818-6.389-0.542-12.809-0.987-19.337-0.987-124.884 0-228.098 101.881-228.098 227.001v56.635c0 30.978 27.004 56.204 57.927 56.204h1.14c30.896 0 54.482-26.56 54.482-57.524v-44.692c-6.556-67.524 48.482-124.34 114.549-124.34 3.305 0 6.556 0.292 9.78 0.569l43.787-0.569c25.698 2.181 49.451-9.044 57.982-33.408l12.279-35.076c29.838-85.252 105.074-149.223 194.898-157.168 139.079-12.322 259.239 104.896 249.963 243.669l-0.19 11.918v145.776h0.555c1.641 29.618 27.669 53.33 57.621 53.33h1.111c29.509 0 52.064-24.226 54.121-53.33h0.389v-145.776h-0.615z",
          "M641.803 700.091l-73.209 74.903v-206.677c0-31.1-25.086-56.316-56.037-56.316h-1.111c-30.951 0-56.037 25.216-56.037 56.316v198.050l-7.364-1.18-63.623-63.372c-20.087-19.972-52.203-24.837-75.18-8.322-29.17 20.964-31.589 61.707-7.25 85.947l171.92 171.132c10.613 10.585 25.003 16.546 40.091 16.546 15.061 0 29.449-5.961 40.091-16.546l167.92-170.67c22.142-22.044 22.142-57.76 0-79.81-22.172-22.073-58.068-22.073-80.21-0z"
        ],
        "attrs": [
          {},
          {}
        ],
        "isMulticolor": false,
        "isMulticolor2": false,
        "tags": [
          "download"
        ],
        "grid": 18
      },
      "attrs": [
        {},
        {}
      ],
      "properties": {
        "id": 0,
        "order": 9,
        "prevSize": 36,
        "code": 59652,
        "name": "download2"
      },
      "setIdx": 4,
      "setId": 1,
      "iconIdx": 9
    },
    {
      "icon": {
        "paths": [
          "M731.429 548.571v-73.143q0-14.857-10.857-25.714t-25.714-10.857h-286.857l108-108q10.857-10.857 10.857-25.714t-10.857-25.714l-52-52q-10.286-10.286-25.714-10.286t-25.714 10.286l-258.857 258.857q-10.286 10.286-10.286 25.714t10.286 25.714l258.857 258.857q10.286 10.286 25.714 10.286t25.714-10.286l52-52q10.286-10.286 10.286-25.714t-10.286-25.714l-108-108h286.857q14.857 0 25.714-10.857t10.857-25.714zM877.714 512q0 119.429-58.857 220.286t-159.714 159.714-220.286 58.857-220.286-58.857-159.714-159.714-58.857-220.286 58.857-220.286 159.714-159.714 220.286-58.857 220.286 58.857 159.714 159.714 58.857 220.286z"
        ],
        "width": 877.7140070597306,
        "attrs": [],
        "isMulticolor": false,
        "isMulticolor2": false,
        "tags": [
          "arrow-circle-left"
        ],
        "defaultCode": 61608,
        "grid": 14
      },
      "attrs": [],
      "properties": {
        "id": 5,
        "order": 5,
        "name": "nav-precede",
        "prevSize": 28,
        "code": 61608
      },
      "setIdx": 4,
      "setId": 1,
      "iconIdx": 5
    },
    {
      "icon": {
        "paths": [
          "M734.286 512q0-15.429-10.286-25.714l-258.857-258.857q-10.286-10.286-25.714-10.286t-25.714 10.286l-52 52q-10.286 10.286-10.286 25.714t10.286 25.714l108 108h-286.857q-14.857 0-25.714 10.857t-10.857 25.714v73.143q0 14.857 10.857 25.714t25.714 10.857h286.857l-108 108q-10.857 10.857-10.857 25.714t10.857 25.714l52 52q10.286 10.286 25.714 10.286t25.714-10.286l258.857-258.857q10.286-10.286 10.286-25.714zM877.714 512q0 119.429-58.857 220.286t-159.714 159.714-220.286 58.857-220.286-58.857-159.714-159.714-58.857-220.286 58.857-220.286 159.714-159.714 220.286-58.857 220.286 58.857 159.714 159.714 58.857 220.286z"
        ],
        "width": 877.7140070597306,
        "attrs": [],
        "isMulticolor": false,
        "isMulticolor2": false,
        "tags": [
          "arrow-circle-right"
        ],
        "defaultCode": 61609,
        "grid": 14
      },
      "attrs": [],
      "properties": {
        "id": 6,
        "order": 6,
        "name": "nav-advance",
        "prevSize": 28,
        "code": 61609
      },
      "setIdx": 4,
      "setId": 1,
      "iconIdx": 6
    },
    {
      "icon": {
        "paths": [
          "M877.714 768v73.143q0 14.857-10.857 25.714t-25.714 10.857h-804.571q-14.857 0-25.714-10.857t-10.857-25.714v-73.143q0-14.857 10.857-25.714t25.714-10.857h804.571q14.857 0 25.714 10.857t10.857 25.714zM877.714 475.429v73.143q0 14.857-10.857 25.714t-25.714 10.857h-804.571q-14.857 0-25.714-10.857t-10.857-25.714v-73.143q0-14.857 10.857-25.714t25.714-10.857h804.571q14.857 0 25.714 10.857t10.857 25.714zM877.714 182.857v73.143q0 14.857-10.857 25.714t-25.714 10.857h-804.571q-14.857 0-25.714-10.857t-10.857-25.714v-73.143q0-14.857 10.857-25.714t25.714-10.857h804.571q14.857 0 25.714 10.857t10.857 25.714z"
        ],
        "width": 877.7150535583496,
        "attrs": [],
        "isMulticolor": false,
        "isMulticolor2": false,
        "tags": [
          "bars",
          "navicon",
          "reorder"
        ],
        "defaultCode": 61641,
        "grid": 14
      },
      "attrs": [],
      "properties": {
        "id": 7,
        "order": 16,
        "name": "menu",
        "prevSize": 28,
        "code": 61641
      },
      "setIdx": 4,
      "setId": 1,
      "iconIdx": 7
    },
    {
      "icon": {
        "paths": [
          "M966.587 426.67c-0.917-21.378-2.834-43.312-5.111-65.652-15.865-155.001-139.527-282.153-293.861-301.406-166.507-20.78-312.533 79.586-363.378 224.821-6.391-0.555-12.809-0.987-19.337-0.987-124.885 0-228.101 101.883-228.101 227.003v56.633c0 30.981 27.004 56.208 57.927 56.208h1.14c30.896 0 54.484-26.56 54.484-57.525v-44.69c-6.556-67.525 48.482-124.361 114.551-124.361 3.305 0 6.556 0.306 9.78 0.583l43.787-0.583c25.698 2.196 49.454-9.029 57.982-33.394l12.281-35.076c29.838-85.253 105.076-149.225 194.898-157.17 139.083-12.324 259.246 104.882 249.963 243.671l-0.192 11.92v145.78h0.555c1.639 29.618 27.673 53.332 57.621 53.332h1.111c29.511 0 52.066-24.228 54.124-53.33h0.389v-145.78l-0.612 0.002z",
          "M721.986 699.666l-171.895-171.132c-10.615-10.583-25.031-16.546-40.091-16.546s-29.451 5.963-40.094 16.546l-167.92 170.674c-22.144 22.044-22.144 57.76 0 79.81 22.142 22.060 58.037 22.060 80.181 0l73.237-74.903v206.679c0 31.104 25.088 56.318 56.039 56.318h1.111c30.953 0 56.037-25.214 56.037-56.318v-198.052l7.362 1.18 63.625 63.371c20.089 19.975 52.204 24.843 75.18 8.325 29.175-20.964 31.591-61.708 7.227-85.952z"
        ],
        "attrs": [],
        "isMulticolor": false,
        "isMulticolor2": false,
        "tags": [
          "upload"
        ],
        "grid": 0
      },
      "attrs": [],
      "properties": {
        "order": 2,
        "id": 0,
        "prevSize": 32,
        "code": 59649,
        "name": "upload2"
      },
      "setIdx": 4,
      "setId": 1,
      "iconIdx": 8
    }
  ],
  "height": 1024,
  "metadata": {
    "name": "scormninja"
  },
  "preferences": {
    "fontPref": {
      "prefix": "ninja-",
      "metadata": {
        "fontFamily": "scormninja",
        "majorVersion": 1,
        "minorVersion": 1,
        "description": "a simple font for the scorm ninja"
      },
      "showGlyphs": true,
      "metrics": {
        "emSize": 512,
        "baseline": 6.25,
        "whitespace": 50
      },
      "resetPoint": 58880,
      "showQuickUse": true,
      "quickUsageToken": false,
      "showMetrics": false,
      "showMetadata": false,
      "autoHost": true,
      "showVersion": false,
      "embed": false
    },
    "imagePref": {
      "color": 0,
      "height": 32,
      "columns": 16,
      "margin": 16,
      "png": false,
      "sprites": true,
      "prefix": "icon-"
    },
    "historySize": 100,
    "showCodes": true,
    "gridSize": 16,
    "showLiga": false,
    "showGrid": true,
    "showGlyphs": true,
    "showQuickUse": false,
    "search": "",
    "quickUsageToken": {
      "DocNinja": "Yjk4NjIzZGY4NDUyMmFiYTJlMGFiYTM1OTc3MGY3Y2MjMSMxNTI2Mjc5MDYwIyMj"
    },
    "showQuickUse2": true,
    "showSVGs": true
  }
}